{
  "results_per_layer": {
    "0": {
      "mean_acc": 0.3194444444444444,
      "std_acc": 0.069413573385153,
      "scores_per_fold": [
        0.3333333333333333,
        0.25925925925925924,
        0.2222222222222222,
        0.4074074074074074,
        0.375
      ]
    },
    "1": {
      "mean_acc": 0.3416666666666667,
      "std_acc": 0.08283803424572238,
      "scores_per_fold": [
        0.3333333333333333,
        0.25925925925925924,
        0.25925925925925924,
        0.48148148148148145,
        0.375
      ]
    },
    "2": {
      "mean_acc": 0.29907407407407405,
      "std_acc": 0.11607728847566533,
      "scores_per_fold": [
        0.25925925925925924,
        0.14814814814814814,
        0.2222222222222222,
        0.4074074074074074,
        0.4583333333333333
      ]
    },
    "3": {
      "mean_acc": 0.28888888888888886,
      "std_acc": 0.06372092790401945,
      "scores_per_fold": [
        0.2962962962962963,
        0.18518518518518517,
        0.25925925925925924,
        0.37037037037037035,
        0.3333333333333333
      ]
    },
    "4": {
      "mean_acc": 0.29722222222222217,
      "std_acc": 0.11296296296296296,
      "scores_per_fold": [
        0.2222222222222222,
        0.18518518518518517,
        0.2222222222222222,
        0.48148148148148145,
        0.375
      ]
    },
    "5": {
      "mean_acc": 0.3814814814814815,
      "std_acc": 0.11209441444756708,
      "scores_per_fold": [
        0.3333333333333333,
        0.2222222222222222,
        0.3333333333333333,
        0.5185185185185185,
        0.5
      ]
    },
    "6": {
      "mean_acc": 0.37222222222222223,
      "std_acc": 0.09154968218006129,
      "scores_per_fold": [
        0.2962962962962963,
        0.25925925925925924,
        0.37037037037037035,
        0.5185185185185185,
        0.4166666666666667
      ]
    },
    "7": {
      "mean_acc": 0.37962962962962965,
      "std_acc": 0.037951669503554074,
      "scores_per_fold": [
        0.3333333333333333,
        0.3333333333333333,
        0.4074074074074074,
        0.4074074074074074,
        0.4166666666666667
      ]
    },
    "8": {
      "mean_acc": 0.3185185185185185,
      "std_acc": 0.08950404424884868,
      "scores_per_fold": [
        0.37037037037037035,
        0.25925925925925924,
        0.18518518518518517,
        0.4444444444444444,
        0.3333333333333333
      ]
    },
    "9": {
      "mean_acc": 0.3648148148148148,
      "std_acc": 0.0986187181903285,
      "scores_per_fold": [
        0.3333333333333333,
        0.2222222222222222,
        0.3333333333333333,
        0.5185185185185185,
        0.4166666666666667
      ]
    },
    "10": {
      "mean_acc": 0.3981481481481481,
      "std_acc": 0.11972762870551566,
      "scores_per_fold": [
        0.4074074074074074,
        0.2222222222222222,
        0.3333333333333333,
        0.4444444444444444,
        0.5833333333333334
      ]
    },
    "11": {
      "mean_acc": 0.40555555555555556,
      "std_acc": 0.10676692818814501,
      "scores_per_fold": [
        0.4444444444444444,
        0.2962962962962963,
        0.2962962962962963,
        0.4074074074074074,
        0.5833333333333334
      ]
    },
    "12": {
      "mean_acc": 0.38240740740740736,
      "std_acc": 0.1302761654589745,
      "scores_per_fold": [
        0.37037037037037035,
        0.2222222222222222,
        0.25925925925925924,
        0.5185185185185185,
        0.5416666666666666
      ]
    },
    "13": {
      "mean_acc": 0.312962962962963,
      "std_acc": 0.11055415967851333,
      "scores_per_fold": [
        0.3333333333333333,
        0.18518518518518517,
        0.18518518518518517,
        0.4444444444444444,
        0.4166666666666667
      ]
    },
    "14": {
      "mean_acc": 0.3425925925925926,
      "std_acc": 0.07360965523833997,
      "scores_per_fold": [
        0.2962962962962963,
        0.25925925925925924,
        0.2962962962962963,
        0.4444444444444444,
        0.4166666666666667
      ]
    },
    "15": {
      "mean_acc": 0.3648148148148148,
      "std_acc": 0.08020891788039895,
      "scores_per_fold": [
        0.25925925925925924,
        0.37037037037037035,
        0.2962962962962963,
        0.48148148148148145,
        0.4166666666666667
      ]
    },
    "16": {
      "mean_acc": 0.4037037037037036,
      "std_acc": 0.07626392697027408,
      "scores_per_fold": [
        0.37037037037037035,
        0.37037037037037035,
        0.2962962962962963,
        0.48148148148148145,
        0.5
      ]
    },
    "17": {
      "mean_acc": 0.37962962962962965,
      "std_acc": 0.09834013368408707,
      "scores_per_fold": [
        0.2962962962962963,
        0.3333333333333333,
        0.2962962962962963,
        0.5555555555555556,
        0.4166666666666667
      ]
    },
    "18": {
      "mean_acc": 0.4037037037037036,
      "std_acc": 0.07257747386024233,
      "scores_per_fold": [
        0.3333333333333333,
        0.3333333333333333,
        0.37037037037037035,
        0.48148148148148145,
        0.5
      ]
    },
    "19": {
      "mean_acc": 0.3435185185185185,
      "std_acc": 0.07592592592592592,
      "scores_per_fold": [
        0.2962962962962963,
        0.2962962962962963,
        0.25925925925925924,
        0.4074074074074074,
        0.4583333333333333
      ]
    },
    "20": {
      "mean_acc": 0.32685185185185184,
      "std_acc": 0.0761063799556834,
      "scores_per_fold": [
        0.2962962962962963,
        0.2222222222222222,
        0.2962962962962963,
        0.4444444444444444,
        0.375
      ]
    },
    "21": {
      "mean_acc": 0.34351851851851845,
      "std_acc": 0.15271884385199394,
      "scores_per_fold": [
        0.3333333333333333,
        0.07407407407407407,
        0.3333333333333333,
        0.5185185185185185,
        0.4583333333333333
      ]
    },
    "22": {
      "mean_acc": 0.2962962962962963,
      "std_acc": 0.10986960721623203,
      "scores_per_fold": [
        0.3333333333333333,
        0.1111111111111111,
        0.25925925925925924,
        0.4444444444444444,
        0.3333333333333333
      ]
    },
    "23": {
      "mean_acc": 0.3425925925925926,
      "std_acc": 0.11445583066935142,
      "scores_per_fold": [
        0.37037037037037035,
        0.14814814814814814,
        0.2962962962962963,
        0.48148148148148145,
        0.4166666666666667
      ]
    },
    "24": {
      "mean_acc": 0.3333333333333333,
      "std_acc": 0.08445743889623245,
      "scores_per_fold": [
        0.3333333333333333,
        0.2222222222222222,
        0.2962962962962963,
        0.48148148148148145,
        0.3333333333333333
      ]
    },
    "25": {
      "mean_acc": 0.3185185185185185,
      "std_acc": 0.09827036415867851,
      "scores_per_fold": [
        0.3333333333333333,
        0.18518518518518517,
        0.25925925925925924,
        0.48148148148148145,
        0.3333333333333333
      ]
    },
    "26": {
      "mean_acc": 0.31018518518518523,
      "std_acc": 0.09559932962326154,
      "scores_per_fold": [
        0.3333333333333333,
        0.2222222222222222,
        0.2222222222222222,
        0.48148148148148145,
        0.2916666666666667
      ]
    },
    "27": {
      "mean_acc": 0.3351851851851852,
      "std_acc": 0.10867704260089785,
      "scores_per_fold": [
        0.4444444444444444,
        0.2222222222222222,
        0.18518518518518517,
        0.4074074074074074,
        0.4166666666666667
      ]
    },
    "28": {
      "mean_acc": 0.32037037037037036,
      "std_acc": 0.11043001122870796,
      "scores_per_fold": [
        0.4074074074074074,
        0.18518518518518517,
        0.18518518518518517,
        0.4074074074074074,
        0.4166666666666667
      ]
    }
  },
  "metadata": {
    "model_name": "Qwen/Qwen2.5-1.5B-Instruct",
    "method": "control_task_shuffled_labels",
    "shuffle_strategy": "within_triplets",
    "n_layers_probed": 29,
    "n_phrases": 132,
    "n_classes": 3,