{
  "results_per_layer": {
    "0": {
      "mean_acc": 0.9092592592592592,
      "std_acc": 0.01697250257391054,
      "scores_per_fold": [
        0.9259259259259259,
        0.9259259259259259,
        0.8888888888888888,
        0.8888888888888888,
        0.9166666666666666
      ]
    },
    "1": {
      "mean_acc": 0.9166666666666666,
      "std_acc": 0.04303314829119354,
      "scores_per_fold": [
        0.8888888888888888,
        1.0,
        0.8888888888888888,
        0.8888888888888888,
        0.9166666666666666
      ]
    },
    "2": {
      "mean_acc": 0.9148148148148147,
      "std_acc": 0.05925925925925925,
      "scores_per_fold": [
        0.8888888888888888,
        1.0,
        0.8888888888888888,
        0.9629629629629629,
        0.8333333333333334
      ]
    },
    "3": {
      "mean_acc": 0.9453703703703704,
      "std_acc": 0.048325882780369964,
      "scores_per_fold": [
        0.9259259259259259,
        1.0,
        0.9259259259259259,
        1.0,
        0.875
      ]
    },
    "4": {
      "mean_acc": 0.923148148148148,
      "std_acc": 0.054590381381421006,
      "scores_per_fold": [
        0.8518518518518519,
        1.0,
        0.9259259259259259,
        0.9629629629629629,
        0.875
      ]
    },
    "5": {
      "mean_acc": 0.9462962962962964,
      "std_acc": 0.045511873064609305,
      "scores_per_fold": [
        0.9259259259259259,
        1.0,
        0.8888888888888888,
        1.0,
        0.9166666666666666
      ]
    },
    "6": {
      "mean_acc": 0.9462962962962964,
      "std_acc": 0.031207962122875403,
      "scores_per_fold": [
        0.9259259259259259,
        1.0,
        0.9259259259259259,
        0.9629629629629629,
        0.9166666666666666
      ]
    },
    "7": {
      "mean_acc": 0.9694444444444443,
      "std_acc": 0.015382636783181629,
      "scores_per_fold": [
        0.9629629629629629,
        1.0,
        0.9629629629629629,
        0.9629629629629629,
        0.9583333333333334
      ]
    },
    "8": {
      "mean_acc": 0.9694444444444444,
      "std_acc": 0.0433902759772592,
      "scores_per_fold": [
        1.0,
        1.0,
        0.8888888888888888,
        1.0,
        0.9583333333333334
      ]
    },
    "9": {
      "mean_acc": 0.9768518518518519,
      "std_acc": 0.030145964066851303,
      "scores_per_fold": [
        1.0,
        1.0,
        0.9259259259259259,
        1.0,
        0.9583333333333334
      ]
    },
    "10": {
      "mean_acc": 0.9842592592592592,
      "std_acc": 0.019333900942426947,
      "scores_per_fold": [
        1.0,
        1.0,
        0.9629629629629629,
        1.0,
        0.9583333333333334
      ]
    },
    "11": {
      "mean_acc": 0.9842592592592592,
      "std_acc": 0.019333900942426947,
      "scores_per_fold": [
        1.0,
        1.0,
        0.9629629629629629,
        1.0,
        0.9583333333333334
      ]
    },
    "12": {
      "mean_acc": 0.9842592592592592,
      "std_acc": 0.019333900942426947,
      "scores_per_fold": [
        1.0,
        1.0,
        0.9629629629629629,
        1.0,
        0.9583333333333334
      ]
    },
    "13": {
      "mean_acc": 0.975925925925926,
      "std_acc": 0.03291923858265034,
      "scores_per_fold": [
        1.0,
        1.0,
        0.9629629629629629,
        1.0,
        0.9166666666666666
      ]
    },
    "14": {
      "mean_acc": 0.9768518518518517,
      "std_acc": 0.018975834751777044,
      "scores_per_fold": [
        1.0,
        1.0,
        0.9629629629629629,
        0.9629629629629629,
        0.9583333333333334
      ]
    },
    "15": {
      "mean_acc": 0.9842592592592592,
      "std_acc": 0.019333900942426947,
      "scores_per_fold": [
        1.0,
        1.0,
        0.9629629629629629,
        1.0,
        0.9583333333333334
      ]
    },
    "16": {
      "mean_acc": 0.9842592592592592,
      "std_acc": 0.019333900942426947,
      "scores_per_fold": [
        1.0,
        1.0,
        0.9629629629629629,
        1.0,
        0.9583333333333334
      ]
    },
    "17": {
      "mean_acc": 0.9685185185185186,
      "std_acc": 0.03866780188485389,
      "scores_per_fold": [
        1.0,
        1.0,
        0.9259259259259259,
        1.0,
        0.9166666666666666
      ]
    },
    "18": {
      "mean_acc": 0.975925925925926,
      "std_acc": 0.03291923858265034,
      "scores_per_fold": [
        1.0,
        1.0,
        0.9629629629629629,
        1.0,
        0.9166666666666666
      ]
    },
    "19": {
      "mean_acc": 0.9685185185185186,
      "std_acc": 0.03866780188485389,
      "scores_per_fold": [
        1.0,
        1.0,
        0.9259259259259259,
        1.0,
        0.9166666666666666
      ]
    },
    "20": {
      "mean_acc": 0.9768518518518517,
      "std_acc": 0.018975834751777044,
      "scores_per_fold": [
        1.0,
        1.0,
        0.9629629629629629,
        0.9629629629629629,
        0.9583333333333334
      ]
    },
    "21": {
      "mean_acc": 0.9694444444444444,
      "std_acc": 0.028023603611891768,
      "scores_per_fold": [
        1.0,
        1.0,
        0.9259259259259259,
        0.9629629629629629,
        0.9583333333333334
      ]
    },
    "22": {
      "mean_acc": 0.962037037037037,
      "std_acc": 0.023497365815647257,
      "scores_per_fold": [
        0.9629629629629629,
        1.0,
        0.9259259259259259,
        0.9629629629629629,
        0.9583333333333334
      ]
    },
    "23": {
      "mean_acc": 0.9694444444444443,
      "std_acc": 0.015382636783181629,
      "scores_per_fold": [
        0.9629629629629629,
        1.0,
        0.9629629629629629,
        0.9629629629629629,
        0.9583333333333334
      ]
    },
    "24": {
      "mean_acc": 0.9768518518518519,
      "std_acc": 0.030145964066851303,
      "scores_per_fold": [
        1.0,
        1.0,
        0.9259259259259259,
        1.0,
        0.9583333333333334
      ]
    },
    "25": {
      "mean_acc": 0.9694444444444444,
      "std_acc": 0.028023603611891768,
      "scores_per_fold": [
        1.0,
        1.0,
        0.9259259259259259,
        0.9629629629629629,
        0.9583333333333334
      ]
    },
    "26": {
      "mean_acc": 0.9768518518518517,
      "std_acc": 0.018975834751777044,
      "scores_per_fold": [
        0.9629629629629629,
        1.0,
        0.9629629629629629,
        1.0,
        0.9583333333333334
      ]
    },
    "27": {
      "mean_acc": 0.9768518518518517,
      "std_acc": 0.018975834751777044,
      "scores_per_fold": [
        1.0,
        1.0,
        0.9629629629629629,
        0.9629629629629629,
        0.9583333333333334
      ]
    },
    "28": {
      "mean_acc": 0.9768518518518517,
      "std_acc": 0.018975834751777044,
      "scores_per_fold": [
        1.0,
        1.0,
        0.9629629629629629,
        0.9629629629629629,
        0.9583333333333334
      ]
    }
  },
  "metadata": {
    "model_name": "Qwen/Qwen2.5-1.5B-Instruct",
    "n_layers_probed": 29,
    "n_phrases": 132,
    "n_classes": 3,
    "label_mapping": {
      "anger": 0,
      "joy": 1,
      "neutral": 2
    },
    "baseline_chance_level": 0.3333333333333333,
    "cv": "GroupKFold(n_splits=5), groups=triplets",
    "probe": "Pipeline(StandardScaler, LogisticRegression(C=0.1, multinomial))",
    "seed": 42
  }
}